day,exp,Site,Treatment,Mouse,Statistic,Cell_pop
0,18,Blood,10^6 K181,P-4,0.21,IE1
0,18,Blood,10^2 K181,P-5,0.092,IE1
0,18,Blood,10^2 K181,P-6,0.2,IE1
0,18,Blood,10^2 K181,P-7,0.18,IE1
0,18,Blood,10^6 K181,P-8,0.099,IE1
0,18,Blood,10^6 K181,P-9,0.16,IE1
7,18,Blood,10^2 K181,P-5,0.39,IE1
7,18,Blood,10^2 K181,P-6,0.53,IE1
7,18,Blood,10^2 K181,P-7,0.6,IE1
7,18,Blood,10^6 K181,P-4,4.3,IE1
7,18,Blood,10^6 K181,P-8,4.19,IE1
7,18,Blood,10^6 K181,P-9,3.12,IE1
14,18,SG,10^2 K181,P-5,3.16,IE1
14,18,SG,10^2 K181,P-6,1.57,IE1
14,18,SG,10^2 K181,P-7,1.71,IE1
14,18,Spleen,10^2 K181,P-5,1.94,IE1
14,18,Spleen,10^2 K181,P-6,1.98,IE1
14,18,Spleen,10^2 K181,P-7,2.03,IE1
14,18,Blood,10^2 K181,P-5,3.15,IE1
14,18,Blood,10^2 K181,P-6,3.34,IE1
14,18,Blood,10^2 K181,P-7,3.39,IE1
14,18,SG,10^6 K181,P-4,1.74,IE1
14,18,SG,10^6 K181,P-8,4.16,IE1
14,18,SG,10^6 K181,P-9,4.27,IE1
14,18,Spleen,10^6 K181,P-4,1.36,IE1
14,18,Spleen,10^6 K181,P-8,1.62,IE1
14,18,Spleen,10^6 K181,P-9,1.61,IE1
14,18,Blood,10^6 K181,P-4,1.93,IE1
14,18,Blood,10^6 K181,P-8,2.74,IE1
14,18,Blood,10^6 K181,P-9,4.32,IE1
0,18,Blood,10^6 K181,P-4,5.03,KLRG1
0,18,Blood,10^2 K181,P-5,3.2,KLRG1
0,18,Blood,10^2 K181,P-6,3.16,KLRG1
0,18,Blood,10^2 K181,P-7,1.99,KLRG1
0,18,Blood,10^6 K181,P-8,2.31,KLRG1
0,18,Blood,10^6 K181,P-9,1.49,KLRG1
7,18,Blood,10^2 K181,P-5,2.54,KLRG1
7,18,Blood,10^2 K181,P-6,2.99,KLRG1
7,18,Blood,10^2 K181,P-7,2.69,KLRG1
7,18,Blood,10^6 K181,P-4,27,KLRG1
7,18,Blood,10^6 K181,P-8,20.9,KLRG1
7,18,Blood,10^6 K181,P-9,18.1,KLRG1
14,18,SG,10^2 K181,P-5,5.84,KLRG1
14,18,SG,10^2 K181,P-6,1.57,KLRG1
14,18,SG,10^2 K181,P-7,2.73,KLRG1
14,18,Spleen,10^2 K181,P-5,6.72,KLRG1
14,18,Spleen,10^2 K181,P-6,6.32,KLRG1
14,18,Spleen,10^2 K181,P-7,6.5,KLRG1
14,18,Blood,10^2 K181,P-5,16.9,KLRG1
14,18,Blood,10^2 K181,P-6,14.1,KLRG1
14,18,Blood,10^2 K181,P-7,15.7,KLRG1
14,18,SG,10^6 K181,P-4,4.59,KLRG1
14,18,SG,10^6 K181,P-8,13.8,KLRG1
14,18,SG,10^6 K181,P-9,12.3,KLRG1
14,18,Spleen,10^6 K181,P-4,4.85,KLRG1
14,18,Spleen,10^6 K181,P-8,5.81,KLRG1
14,18,Spleen,10^6 K181,P-9,5.49,KLRG1
14,18,Blood,10^6 K181,P-4,13.2,KLRG1
14,18,Blood,10^6 K181,P-8,18.4,KLRG1
14,18,Blood,10^6 K181,P-9,18.5,KLRG1
0,18,Blood,10^6 K181,P-4,29.6,NK
0,18,Blood,10^2 K181,P-5,2.55,NK
0,18,Blood,10^2 K181,P-6,33,NK
0,18,Blood,10^2 K181,P-7,29.3,NK
0,18,Blood,10^6 K181,P-8,32.1,NK
0,18,Blood,10^6 K181,P-9,29,NK
7,18,Blood,10^2 K181,P-5,21.1,NK
7,18,Blood,10^2 K181,P-6,13.7,NK
7,18,Blood,10^2 K181,P-7,20.7,NK
7,18,Blood,10^6 K181,P-4,29.5,NK
7,18,Blood,10^6 K181,P-8,19.5,NK
7,18,Blood,10^6 K181,P-9,25.9,NK
14,18,SG,10^2 K181,P-5,6.73,NK
14,18,SG,10^2 K181,P-6,3.38,NK
14,18,SG,10^2 K181,P-7,10,NK
14,18,Spleen,10^2 K181,P-5,25,NK
14,18,Spleen,10^2 K181,P-6,28.2,NK
14,18,Spleen,10^2 K181,P-7,28,NK
14,18,Blood,10^2 K181,P-5,10.8,NK
14,18,Blood,10^2 K181,P-6,6.79,NK
14,18,Blood,10^2 K181,P-7,4.88,NK
14,18,SG,10^6 K181,P-4,0.55,NK
14,18,SG,10^6 K181,P-8,5.29,NK
14,18,SG,10^6 K181,P-9,3.61,NK
14,18,Spleen,10^6 K181,P-4,12.1,NK
14,18,Spleen,10^6 K181,P-8,10.2,NK
14,18,Spleen,10^6 K181,P-9,14.7,NK
14,18,Blood,10^6 K181,P-4,9.93,NK
14,18,Blood,10^6 K181,P-8,8.78,NK
14,18,Blood,10^6 K181,P-9,14.5,NK
0,18,Blood,10^6 K181,P-4,69.2,NK_KLRG1
0,18,Blood,10^2 K181,P-5,26.9,NK_KLRG1
0,18,Blood,10^2 K181,P-6,60.9,NK_KLRG1
0,18,Blood,10^2 K181,P-7,60.3,NK_KLRG1
0,18,Blood,10^6 K181,P-8,62.5,NK_KLRG1
0,18,Blood,10^6 K181,P-9,61.7,NK_KLRG1
7,18,Blood,10^2 K181,P-5,64.6,NK_KLRG1
7,18,Blood,10^2 K181,P-6,62.8,NK_KLRG1
7,18,Blood,10^2 K181,P-7,65.6,NK_KLRG1
7,18,Blood,10^6 K181,P-4,91.1,NK_KLRG1
7,18,Blood,10^6 K181,P-8,86.6,NK_KLRG1
7,18,Blood,10^6 K181,P-9,87.3,NK_KLRG1
14,18,SG,10^2 K181,P-5,44.5,NK_KLRG1
14,18,SG,10^2 K181,P-6,43.4,NK_KLRG1
14,18,SG,10^2 K181,P-7,34,NK_KLRG1
14,18,Spleen,10^2 K181,P-5,74.2,NK_KLRG1
14,18,Spleen,10^2 K181,P-6,65.1,NK_KLRG1
14,18,Spleen,10^2 K181,P-7,69.3,NK_KLRG1
14,18,Blood,10^2 K181,P-5,80.4,NK_KLRG1
14,18,Blood,10^2 K181,P-6,75.5,NK_KLRG1
14,18,Blood,10^2 K181,P-7,79.7,NK_KLRG1
14,18,SG,10^6 K181,P-4,36.5,NK_KLRG1
14,18,SG,10^6 K181,P-8,34.5,NK_KLRG1
14,18,SG,10^6 K181,P-9,36.9,NK_KLRG1
14,18,Spleen,10^6 K181,P-4,60.6,NK_KLRG1
14,18,Spleen,10^6 K181,P-8,60.1,NK_KLRG1
14,18,Spleen,10^6 K181,P-9,60.8,NK_KLRG1
14,18,Blood,10^6 K181,P-4,72.4,NK_KLRG1
14,18,Blood,10^6 K181,P-8,73.2,NK_KLRG1
14,18,Blood,10^6 K181,P-9,70,NK_KLRG1
0,18,Blood,10^6 K181,P-4,77.4,CD4
0,18,Blood,10^2 K181,P-5,71.8,CD4
0,18,Blood,10^2 K181,P-6,76,CD4
0,18,Blood,10^2 K181,P-7,78.4,CD4
0,18,Blood,10^6 K181,P-8,77.2,CD4
0,18,Blood,10^6 K181,P-9,75.9,CD4
7,18,Blood,10^2 K181,P-5,78.3,CD4
7,18,Blood,10^2 K181,P-6,77.9,CD4
7,18,Blood,10^2 K181,P-7,81.9,CD4
7,18,Blood,10^6 K181,P-4,68.2,CD4
7,18,Blood,10^6 K181,P-8,71.5,CD4
7,18,Blood,10^6 K181,P-9,72,CD4
14,18,SG,10^2 K181,P-5,60,CD4
14,18,SG,10^2 K181,P-6,67.7,CD4
14,18,SG,10^2 K181,P-7,68.1,CD4
14,18,Spleen,10^2 K181,P-5,57.6,CD4
14,18,Spleen,10^2 K181,P-6,62.5,CD4
14,18,Spleen,10^2 K181,P-7,64.2,CD4
14,18,Blood,10^2 K181,P-5,69.7,CD4
14,18,Blood,10^2 K181,P-6,71.2,CD4
14,18,Blood,10^2 K181,P-7,71.5,CD4
14,18,SG,10^6 K181,P-4,72.6,CD4
14,18,SG,10^6 K181,P-8,58.5,CD4
14,18,SG,10^6 K181,P-9,60.6,CD4
14,18,Spleen,10^6 K181,P-4,61.4,CD4
14,18,Spleen,10^6 K181,P-8,59.6,CD4
14,18,Spleen,10^6 K181,P-9,56.9,CD4
14,18,Blood,10^6 K181,P-4,70.7,CD4
14,18,Blood,10^6 K181,P-8,68.6,CD4
14,18,Blood,10^6 K181,P-9,69,CD4
0,18,Blood,10^6 K181,P-4,0.71,CD4_KLRG1
0,18,Blood,10^2 K181,P-5,0.67,CD4_KLRG1
0,18,Blood,10^2 K181,P-6,0.64,CD4_KLRG1
0,18,Blood,10^2 K181,P-7,0.52,CD4_KLRG1
0,18,Blood,10^6 K181,P-8,0.51,CD4_KLRG1
0,18,Blood,10^6 K181,P-9,0.58,CD4_KLRG1
7,18,Blood,10^2 K181,P-5,0.6,CD4_KLRG1
7,18,Blood,10^2 K181,P-6,0.65,CD4_KLRG1
7,18,Blood,10^2 K181,P-7,0.44,CD4_KLRG1
7,18,Blood,10^6 K181,P-4,0.64,CD4_KLRG1
7,18,Blood,10^6 K181,P-8,0.47,CD4_KLRG1
7,18,Blood,10^6 K181,P-9,0.55,CD4_KLRG1
14,18,SG,10^2 K181,P-5,1.1,CD4_KLRG1
14,18,SG,10^2 K181,P-6,0.9,CD4_KLRG1
14,18,SG,10^2 K181,P-7,0.83,CD4_KLRG1
14,18,Spleen,10^2 K181,P-5,2.72,CD4_KLRG1
14,18,Spleen,10^2 K181,P-6,2.52,CD4_KLRG1
14,18,Spleen,10^2 K181,P-7,2.15,CD4_KLRG1
14,18,Blood,10^2 K181,P-5,1.27,CD4_KLRG1
14,18,Blood,10^2 K181,P-6,1.34,CD4_KLRG1
14,18,Blood,10^2 K181,P-7,1.02,CD4_KLRG1
14,18,SG,10^6 K181,P-4,1.15,CD4_KLRG1
14,18,SG,10^6 K181,P-8,2.98,CD4_KLRG1
14,18,SG,10^6 K181,P-9,2.24,CD4_KLRG1
14,18,Spleen,10^6 K181,P-4,1.19,CD4_KLRG1
14,18,Spleen,10^6 K181,P-8,1.12,CD4_KLRG1
14,18,Spleen,10^6 K181,P-9,0.96,CD4_KLRG1
14,18,Blood,10^6 K181,P-4,0.65,CD4_KLRG1
14,18,Blood,10^6 K181,P-8,0.79,CD4_KLRG1
14,18,Blood,10^6 K181,P-9,0.71,CD4_KLRG1
0,18,Blood,10^6 K181,P-4,20.7,CD8
0,18,Blood,10^2 K181,P-5,25.9,CD8
0,18,Blood,10^2 K181,P-6,22,CD8
0,18,Blood,10^2 K181,P-7,20,CD8
0,18,Blood,10^6 K181,P-8,21,CD8
0,18,Blood,10^6 K181,P-9,22.6,CD8
7,18,Blood,10^2 K181,P-5,20.4,CD8
7,18,Blood,10^2 K181,P-6,20.3,CD8
7,18,Blood,10^2 K181,P-7,16.9,CD8
7,18,Blood,10^6 K181,P-4,29.9,CD8
7,18,Blood,10^6 K181,P-8,26.5,CD8
7,18,Blood,10^6 K181,P-9,26.4,CD8
14,18,SG,10^2 K181,P-5,37.5,CD8
14,18,SG,10^2 K181,P-6,30,CD8
14,18,SG,10^2 K181,P-7,28.3,CD8
14,18,Spleen,10^2 K181,P-5,39.3,CD8
14,18,Spleen,10^2 K181,P-6,34.2,CD8
14,18,Spleen,10^2 K181,P-7,32.1,CD8
14,18,Blood,10^2 K181,P-5,28.1,CD8
14,18,Blood,10^2 K181,P-6,26.7,CD8
14,18,Blood,10^2 K181,P-7,26.5,CD8
14,18,SG,10^6 K181,P-4,25.9,CD8
14,18,SG,10^6 K181,P-8,38.6,CD8
14,18,SG,10^6 K181,P-9,37.1,CD8
14,18,Spleen,10^6 K181,P-4,35.6,CD8
14,18,Spleen,10^6 K181,P-8,37.6,CD8
14,18,Spleen,10^6 K181,P-9,40.6,CD8
14,18,Blood,10^6 K181,P-4,27.1,CD8
14,18,Blood,10^6 K181,P-8,28.2,CD8
14,18,Blood,10^6 K181,P-9,28.9,CD8
0,20,Blood,10^6 K181,P-23,0.081,IE1
0,20,Blood,10^6 K181,P-24,0.14,IE1
0,20,Blood,10^6 K181,P-25,0.17,IE1
0,20,Blood,10^6 K181,P-26,0.087,IE1
0,20,Blood,10^6 K181,P-27,0.11,IE1
0,20,Blood,10^2 K181,P-18,0.39,IE1
0,20,Blood,10^2 K181,P-19,0.38,IE1
0,20,Blood,10^2 K181,P-20,0.58,IE1
0,20,Blood,10^2 K181,P-21,0.62,IE1
0,20,Blood,10^2 K181,P-22,0.49,IE1
7,20,Blood,10^6 K181,P-23,2.99,IE1
7,20,Blood,10^6 K181,P-24,2.31,IE1
7,20,Blood,10^6 K181,P-25,5.59,IE1
7,20,Blood,10^6 K181,P-26,6.25,IE1
7,20,Blood,10^6 K181,P-27,1.65,IE1
7,20,Blood,10^2 K181,P-18,0.18,IE1
7,20,Blood,10^2 K181,P-19,0.23,IE1
7,20,Blood,10^2 K181,P-20,0.17,IE1
7,20,Blood,10^2 K181,P-21,0.13,IE1
7,20,Blood,10^2 K181,P-22,0.085,IE1
14,20,Salivary Gland,10^6 K181,P-23,2.29,IE1
14,20,Salivary Gland,10^6 K181,P-24,2.96,IE1
14,20,Salivary Gland,10^6 K181,P-25,2.17,IE1
14,20,Salivary Gland,10^6 K181,P-26,2.72,IE1
14,20,Salivary Gland,10^6 K181,P-27,2.34,IE1
14,20,Spleen,10^6 K181,P-23,3.79,IE1
14,20,Spleen,10^6 K181,P-24,3.25,IE1
14,20,Spleen,10^6 K181,P-25,3.55,IE1
14,20,Spleen,10^6 K181,P-26,3.09,IE1
14,20,Spleen,10^6 K181,P-27,3.1,IE1
14,20,Blood,10^6 K181,P-23,5.09,IE1
14,20,Blood,10^6 K181,P-24,4.61,IE1
14,20,Blood,10^6 K181,P-25,3.01,IE1
14,20,Blood,10^6 K181,P-26,3.66,IE1
14,20,Blood,10^6 K181,P-27,2.6,IE1
14,20,Blood,10^2 K181,P-18,2.04,IE1
14,20,Blood,10^2 K181,P-19,6.66,IE1
14,20,Blood,10^2 K181,P-20,2.43,IE1
14,20,Blood,10^2 K181,P-21,4.85,IE1
14,20,Blood,10^2 K181,P-22,5.01,IE1
21,20,Blood,10^2 K181,P-18,6.01,IE1
21,20,Blood,10^2 K181,P-20,3.77,IE1
21,20,Blood,10^2 K181,P-21,3.25,IE1
21,20,Blood,10^2 K181,P-22,2.97,IE1
21,20,Salivary Gland,10^2 K181,P-18,14.3,IE1
21,20,Salivary Gland,10^2 K181,P-20,9.91,IE1
21,20,Salivary Gland,10^2 K181,P-21,1.98,IE1
21,20,Salivary Gland,10^2 K181,P-22,1.56,IE1
21,20,Spleen,10^2 K181,P-18,3.37,IE1
21,20,Spleen,10^2 K181,P-20,2.46,IE1
21,20,Spleen,10^2 K181,P-21,2.07,IE1
21,20,Spleen,10^2 K181,P-22,1.48,IE1
0,20,Blood,10^6 K181,P-23,1.09,KLRG1
0,20,Blood,10^6 K181,P-24,1.26,KLRG1
0,20,Blood,10^6 K181,P-25,0.93,KLRG1
0,20,Blood,10^6 K181,P-26,1.96,KLRG1
0,20,Blood,10^6 K181,P-27,1.2,KLRG1
0,20,Blood,10^2 K181,P-18,4.12,KLRG1
0,20,Blood,10^2 K181,P-19,0.99,KLRG1
0,20,Blood,10^2 K181,P-20,2.2,KLRG1
0,20,Blood,10^2 K181,P-21,0.96,KLRG1
0,20,Blood,10^2 K181,P-22,1.01,KLRG1
7,20,Blood,10^6 K181,P-23,18.5,KLRG1
7,20,Blood,10^6 K181,P-24,17.5,KLRG1
7,20,Blood,10^6 K181,P-25,33.4,KLRG1
7,20,Blood,10^6 K181,P-26,33.3,KLRG1
7,20,Blood,10^6 K181,P-27,14.7,KLRG1
7,20,Blood,10^2 K181,P-18,6.05,KLRG1
7,20,Blood,10^2 K181,P-19,1.28,KLRG1
7,20,Blood,10^2 K181,P-20,3.23,KLRG1
7,20,Blood,10^2 K181,P-21,2.25,KLRG1
7,20,Blood,10^2 K181,P-22,1.38,KLRG1
14,20,Salivary Gland,10^6 K181,P-23,5.37,KLRG1
14,20,Salivary Gland,10^6 K181,P-24,6.5,KLRG1
14,20,Salivary Gland,10^6 K181,P-25,5.59,KLRG1
14,20,Salivary Gland,10^6 K181,P-26,7.21,KLRG1
14,20,Salivary Gland,10^6 K181,P-27,7.14,KLRG1
14,20,Spleen,10^6 K181,P-23,9.42,KLRG1
14,20,Spleen,10^6 K181,P-24,10.9,KLRG1
14,20,Spleen,10^6 K181,P-25,10.9,KLRG1
14,20,Spleen,10^6 K181,P-26,5.19,KLRG1
14,20,Spleen,10^6 K181,P-27,7.1,KLRG1
14,20,Blood,10^6 K181,P-23,25.7,KLRG1
14,20,Blood,10^6 K181,P-24,28.5,KLRG1
14,20,Blood,10^6 K181,P-25,26,KLRG1
14,20,Blood,10^6 K181,P-26,21.5,KLRG1
14,20,Blood,10^6 K181,P-27,24.5,KLRG1
14,20,Blood,10^2 K181,P-18,15.3,KLRG1
14,20,Blood,10^2 K181,P-19,29.3,KLRG1
14,20,Blood,10^2 K181,P-20,21.8,KLRG1
14,20,Blood,10^2 K181,P-21,32.5,KLRG1
14,20,Blood,10^2 K181,P-22,35.2,KLRG1
21,20,Blood,10^2 K181,P-18,26.1,KLRG1
21,20,Blood,10^2 K181,P-20,25.8,KLRG1
21,20,Blood,10^2 K181,P-21,17.6,KLRG1
21,20,Blood,10^2 K181,P-22,14,KLRG1
21,20,Salivary Gland,10^2 K181,P-18,19.1,KLRG1
21,20,Salivary Gland,10^2 K181,P-20,24.7,KLRG1
21,20,Salivary Gland,10^2 K181,P-21,4.19,KLRG1
21,20,Salivary Gland,10^2 K181,P-22,3.42,KLRG1
21,20,Spleen,10^2 K181,P-18,10.3,KLRG1
21,20,Spleen,10^2 K181,P-20,7.86,KLRG1
21,20,Spleen,10^2 K181,P-21,8.31,KLRG1
21,20,Spleen,10^2 K181,P-22,6.58,KLRG1
0,20,Blood,10^6 K181,P-23,31.2,NK
0,20,Blood,10^6 K181,P-24,32.4,NK
0,20,Blood,10^6 K181,P-25,29.1,NK
0,20,Blood,10^6 K181,P-26,35.2,NK
0,20,Blood,10^6 K181,P-27,36.9,NK
0,20,Blood,10^2 K181,P-18,25.5,NK
0,20,Blood,10^2 K181,P-19,16.9,NK
0,20,Blood,10^2 K181,P-20,26.7,NK
0,20,Blood,10^2 K181,P-21,14.8,NK
0,20,Blood,10^2 K181,P-22,20.7,NK
7,20,Blood,10^6 K181,P-23,29,NK
7,20,Blood,10^6 K181,P-24,23.4,NK
7,20,Blood,10^6 K181,P-25,26.7,NK
7,20,Blood,10^6 K181,P-26,32,NK
7,20,Blood,10^6 K181,P-27,37.9,NK
7,20,Blood,10^2 K181,P-18,36.9,NK
7,20,Blood,10^2 K181,P-19,26.7,NK
7,20,Blood,10^2 K181,P-20,40.4,NK
7,20,Blood,10^2 K181,P-21,35.1,NK
7,20,Blood,10^2 K181,P-22,30.4,NK
14,20,Salivary Gland,10^6 K181,P-23,1.58,NK
14,20,Salivary Gland,10^6 K181,P-24,1.56,NK
14,20,Salivary Gland,10^6 K181,P-25,1.85,NK
14,20,Salivary Gland,10^6 K181,P-26,2.38,NK
14,20,Salivary Gland,10^6 K181,P-27,3.63,NK
14,20,Spleen,10^6 K181,P-23,20.3,NK
14,20,Spleen,10^6 K181,P-24,19,NK
14,20,Spleen,10^6 K181,P-25,18.7,NK
14,20,Spleen,10^6 K181,P-26,14.7,NK
14,20,Spleen,10^6 K181,P-27,14.7,NK
14,20,Blood,10^6 K181,P-23,12,NK
14,20,Blood,10^6 K181,P-24,17.6,NK
14,20,Blood,10^6 K181,P-25,6.61,NK
14,20,Blood,10^6 K181,P-26,14.7,NK
14,20,Blood,10^6 K181,P-27,9.88,NK
14,20,Blood,10^2 K181,P-18,32.4,NK
14,20,Blood,10^2 K181,P-19,25.7,NK
14,20,Blood,10^2 K181,P-20,30.3,NK
14,20,Blood,10^2 K181,P-21,43.3,NK
14,20,Blood,10^2 K181,P-22,38.6,NK
21,20,Blood,10^2 K181,P-18,30.2,NK
21,20,Blood,10^2 K181,P-21,25.8,NK
21,20,Blood,10^2 K181,P-22,15.2,NK
21,20,Salivary Gland,10^2 K181,P-18,9.15,NK
21,20,Salivary Gland,10^2 K181,P-20,12.9,NK
21,20,Salivary Gland,10^2 K181,P-21,12.1,NK
21,20,Salivary Gland,10^2 K181,P-22,13.7,NK
21,20,Spleen,10^2 K181,P-18,33.9,NK
21,20,Spleen,10^2 K181,P-20,29.9,NK
21,20,Spleen,10^2 K181,P-21,34.1,NK
21,20,Spleen,10^2 K181,P-22,35.5,NK
0,20,Blood,10^6 K181,P-23,54.8,NK_KLRG1
0,20,Blood,10^6 K181,P-24,54,NK_KLRG1
0,20,Blood,10^6 K181,P-25,64.5,NK_KLRG1
0,20,Blood,10^6 K181,P-26,68.7,NK_KLRG1
0,20,Blood,10^6 K181,P-27,60.8,NK_KLRG1
0,20,Blood,10^2 K181,P-18,59.7,NK_KLRG1
0,20,Blood,10^2 K181,P-19,54.9,NK_KLRG1
0,20,Blood,10^2 K181,P-20,55.9,NK_KLRG1
0,20,Blood,10^2 K181,P-21,58.9,NK_KLRG1
0,20,Blood,10^2 K181,P-22,56.1,NK_KLRG1
7,20,Blood,10^6 K181,P-23,86.3,NK_KLRG1
7,20,Blood,10^6 K181,P-24,83,NK_KLRG1
7,20,Blood,10^6 K181,P-25,87.5,NK_KLRG1
7,20,Blood,10^6 K181,P-26,89.5,NK_KLRG1
7,20,Blood,10^6 K181,P-27,88.8,NK_KLRG1
7,20,Blood,10^2 K181,P-18,58.5,NK_KLRG1
7,20,Blood,10^2 K181,P-19,63.7,NK_KLRG1
7,20,Blood,10^2 K181,P-20,58.5,NK_KLRG1
7,20,Blood,10^2 K181,P-21,60.2,NK_KLRG1
7,20,Blood,10^2 K181,P-22,54.9,NK_KLRG1
14,20,Salivary Gland,10^6 K181,P-23,22.5,NK_KLRG1
14,20,Salivary Gland,10^6 K181,P-24,18.5,NK_KLRG1
14,20,Salivary Gland,10^6 K181,P-25,18.3,NK_KLRG1
14,20,Salivary Gland,10^6 K181,P-26,24.2,NK_KLRG1
14,20,Salivary Gland,10^6 K181,P-27,28.3,NK_KLRG1
14,20,Spleen,10^6 K181,P-23,56.3,NK_KLRG1
14,20,Spleen,10^6 K181,P-24,52,NK_KLRG1
14,20,Spleen,10^6 K181,P-25,51.5,NK_KLRG1
14,20,Spleen,10^6 K181,P-26,52.3,NK_KLRG1
14,20,Spleen,10^6 K181,P-27,53.1,NK_KLRG1
14,20,Blood,10^6 K181,P-23,59.6,NK_KLRG1
14,20,Blood,10^6 K181,P-24,58.6,NK_KLRG1
14,20,Blood,10^6 K181,P-25,61.9,NK_KLRG1
14,20,Blood,10^6 K181,P-26,62.4,NK_KLRG1
14,20,Blood,10^6 K181,P-27,54.1,NK_KLRG1
14,20,Blood,10^2 K181,P-18,74.6,NK_KLRG1
14,20,Blood,10^2 K181,P-19,76.9,NK_KLRG1
14,20,Blood,10^2 K181,P-20,77.2,NK_KLRG1
14,20,Blood,10^2 K181,P-21,85.7,NK_KLRG1
14,20,Blood,10^2 K181,P-22,83,NK_KLRG1
21,20,Blood,10^2 K181,P-18,71.5,NK_KLRG1
21,20,Blood,10^2 K181,P-21,68.2,NK_KLRG1
21,20,Blood,10^2 K181,P-22,57,NK_KLRG1
21,20,Salivary Gland,10^2 K181,P-18,35.2,NK_KLRG1
21,20,Salivary Gland,10^2 K181,P-20,36.4,NK_KLRG1
21,20,Salivary Gland,10^2 K181,P-21,25.2,NK_KLRG1
21,20,Salivary Gland,10^2 K181,P-22,27,NK_KLRG1
21,20,Spleen,10^2 K181,P-18,59.2,NK_KLRG1
21,20,Spleen,10^2 K181,P-20,60.6,NK_KLRG1
21,20,Spleen,10^2 K181,P-21,55.4,NK_KLRG1
21,20,Spleen,10^2 K181,P-22,55.6,NK_KLRG1
0,20,Blood,10^6 K181,P-23,78.1,CD4
0,20,Blood,10^6 K181,P-24,75.7,CD4
0,20,Blood,10^6 K181,P-25,77.4,CD4
0,20,Blood,10^6 K181,P-26,79.3,CD4
0,20,Blood,10^6 K181,P-27,76.8,CD4
0,20,Blood,10^2 K181,P-18,74.9,CD4
0,20,Blood,10^2 K181,P-19,79,CD4
0,20,Blood,10^2 K181,P-20,77.4,CD4
0,20,Blood,10^2 K181,P-21,77.2,CD4
0,20,Blood,10^2 K181,P-22,79.3,CD4
7,20,Blood,10^6 K181,P-23,70.4,CD4
7,20,Blood,10^6 K181,P-24,69.6,CD4
7,20,Blood,10^6 K181,P-25,62.4,CD4
7,20,Blood,10^6 K181,P-26,63.8,CD4
7,20,Blood,10^6 K181,P-27,67.9,CD4
7,20,Blood,10^2 K181,P-18,75.1,CD4
7,20,Blood,10^2 K181,P-19,78.6,CD4
7,20,Blood,10^2 K181,P-20,75.3,CD4
7,20,Blood,10^2 K181,P-21,74.6,CD4
7,20,Blood,10^2 K181,P-22,76.8,CD4
14,20,Salivary Gland,10^6 K181,P-23,68.2,CD4
14,20,Salivary Gland,10^6 K181,P-24,65.7,CD4
14,20,Salivary Gland,10^6 K181,P-25,68.7,CD4
14,20,Salivary Gland,10^6 K181,P-26,67.5,CD4
14,20,Salivary Gland,10^6 K181,P-27,67.8,CD4
14,20,Spleen,10^6 K181,P-23,65.9,CD4
14,20,Spleen,10^6 K181,P-24,66.3,CD4
14,20,Spleen,10^6 K181,P-25,65.8,CD4
14,20,Spleen,10^6 K181,P-26,67.1,CD4
14,20,Spleen,10^6 K181,P-27,66.2,CD4
14,20,Blood,10^6 K181,P-23,64.9,CD4
14,20,Blood,10^6 K181,P-24,61.6,CD4
14,20,Blood,10^6 K181,P-25,63.7,CD4
14,20,Blood,10^6 K181,P-26,65.3,CD4
14,20,Blood,10^6 K181,P-27,61.2,CD4
14,20,Blood,10^2 K181,P-18,76.7,CD4
14,20,Blood,10^2 K181,P-19,73.4,CD4
14,20,Blood,10^2 K181,P-20,74.3,CD4
14,20,Blood,10^2 K181,P-21,68.5,CD4
14,20,Blood,10^2 K181,P-22,71.4,CD4
21,20,Blood,10^2 K181,P-18,69.2,CD4
21,20,Blood,10^2 K181,P-20,68.6,CD4
21,20,Blood,10^2 K181,P-21,70.2,CD4
21,20,Blood,10^2 K181,P-22,67.5,CD4
21,20,Salivary Gland,10^2 K181,P-18,46.7,CD4
21,20,Salivary Gland,10^2 K181,P-20,54.7,CD4
21,20,Salivary Gland,10^2 K181,P-21,73.4,CD4
21,20,Salivary Gland,10^2 K181,P-22,72.3,CD4
21,20,Spleen,10^2 K181,P-18,67.7,CD4
21,20,Spleen,10^2 K181,P-20,63.2,CD4
21,20,Spleen,10^2 K181,P-21,67.3,CD4
21,20,Spleen,10^2 K181,P-22,67.7,CD4
0,20,Blood,10^6 K181,P-23,0.68,CD4_KLRG1
0,20,Blood,10^6 K181,P-24,0.57,CD4_KLRG1
0,20,Blood,10^6 K181,P-25,0.46,CD4_KLRG1
0,20,Blood,10^6 K181,P-26,0.67,CD4_KLRG1
0,20,Blood,10^6 K181,P-27,0.42,CD4_KLRG1
0,20,Blood,10^2 K181,P-18,0.45,CD4_KLRG1
0,20,Blood,10^2 K181,P-19,0.58,CD4_KLRG1
0,20,Blood,10^2 K181,P-20,0.62,CD4_KLRG1
0,20,Blood,10^2 K181,P-21,0.5,CD4_KLRG1
0,20,Blood,10^2 K181,P-22,0.54,CD4_KLRG1
7,20,Blood,10^6 K181,P-23,0.99,CD4_KLRG1
7,20,Blood,10^6 K181,P-24,0.74,CD4_KLRG1
7,20,Blood,10^6 K181,P-25,1.02,CD4_KLRG1
7,20,Blood,10^6 K181,P-26,0.75,CD4_KLRG1
7,20,Blood,10^6 K181,P-27,0.51,CD4_KLRG1
7,20,Blood,10^2 K181,P-18,0.69,CD4_KLRG1
7,20,Blood,10^2 K181,P-19,0.76,CD4_KLRG1
7,20,Blood,10^2 K181,P-20,0.86,CD4_KLRG1
7,20,Blood,10^2 K181,P-21,0.74,CD4_KLRG1
7,20,Blood,10^2 K181,P-22,0.55,CD4_KLRG1
14,20,Salivary Gland,10^6 K181,P-23,2.03,CD4_KLRG1
14,20,Salivary Gland,10^6 K181,P-24,1.56,CD4_KLRG1
14,20,Salivary Gland,10^6 K181,P-25,2.11,CD4_KLRG1
14,20,Salivary Gland,10^6 K181,P-26,2.92,CD4_KLRG1
14,20,Salivary Gland,10^6 K181,P-27,3.26,CD4_KLRG1
14,20,Spleen,10^6 K181,P-23,2.51,CD4_KLRG1
14,20,Spleen,10^6 K181,P-24,1.99,CD4_KLRG1
14,20,Spleen,10^6 K181,P-25,2.04,CD4_KLRG1
14,20,Spleen,10^6 K181,P-26,1.37,CD4_KLRG1
14,20,Spleen,10^6 K181,P-27,1.89,CD4_KLRG1
14,20,Blood,10^6 K181,P-23,0.81,CD4_KLRG1
14,20,Blood,10^6 K181,P-24,0.97,CD4_KLRG1
14,20,Blood,10^6 K181,P-25,0.94,CD4_KLRG1
14,20,Blood,10^6 K181,P-26,0.98,CD4_KLRG1
14,20,Blood,10^6 K181,P-27,1.17,CD4_KLRG1
14,20,Blood,10^2 K181,P-18,0.85,CD4_KLRG1
14,20,Blood,10^2 K181,P-19,0.91,CD4_KLRG1
14,20,Blood,10^2 K181,P-20,1.08,CD4_KLRG1
14,20,Blood,10^2 K181,P-21,1.14,CD4_KLRG1
14,20,Blood,10^2 K181,P-22,1.1,CD4_KLRG1
21,20,Blood,10^2 K181,P-18,0.9,CD4_KLRG1
21,20,Blood,10^2 K181,P-21,1.04,CD4_KLRG1
21,20,Blood,10^2 K181,P-22,1.13,CD4_KLRG1
21,20,Salivary Gland,10^2 K181,P-18,3.46,CD4_KLRG1
21,20,Salivary Gland,10^2 K181,P-20,5.36,CD4_KLRG1
21,20,Salivary Gland,10^2 K181,P-21,0.95,CD4_KLRG1
21,20,Salivary Gland,10^2 K181,P-22,0.93,CD4_KLRG1
21,20,Spleen,10^2 K181,P-18,1.3,CD4_KLRG1
21,20,Spleen,10^2 K181,P-20,1.43,CD4_KLRG1
21,20,Spleen,10^2 K181,P-21,1.12,CD4_KLRG1
21,20,Spleen,10^2 K181,P-22,1.27,CD4_KLRG1
0,20,Blood,10^6 K181,P-23,20.7,CD8
0,20,Blood,10^6 K181,P-24,22.8,CD8
0,20,Blood,10^6 K181,P-25,21.5,CD8
0,20,Blood,10^6 K181,P-26,19.6,CD8
0,20,Blood,10^6 K181,P-27,21.9,CD8
0,20,Blood,10^2 K181,P-18,23.7,CD8
0,20,Blood,10^2 K181,P-19,19.9,CD8
0,20,Blood,10^2 K181,P-20,21.3,CD8
0,20,Blood,10^2 K181,P-21,21.5,CD8
0,20,Blood,10^2 K181,P-22,19.5,CD8
7,20,Blood,10^6 K181,P-23,24.5,CD8
7,20,Blood,10^6 K181,P-24,25.9,CD8
7,20,Blood,10^6 K181,P-25,33.5,CD8
7,20,Blood,10^6 K181,P-26,31.7,CD8
7,20,Blood,10^6 K181,P-27,28.1,CD8
7,20,Blood,10^2 K181,P-18,23.5,CD8
7,20,Blood,10^2 K181,P-19,20.3,CD8
7,20,Blood,10^2 K181,P-20,23.4,CD8
7,20,Blood,10^2 K181,P-21,23.8,CD8
7,20,Blood,10^2 K181,P-22,21.8,CD8
14,20,Salivary Gland,10^6 K181,P-23,28.4,CD8
14,20,Salivary Gland,10^6 K181,P-24,30.2,CD8
14,20,Salivary Gland,10^6 K181,P-25,28.1,CD8
14,20,Salivary Gland,10^6 K181,P-26,29.3,CD8
14,20,Salivary Gland,10^6 K181,P-27,29.2,CD8
14,20,Spleen,10^6 K181,P-23,31,CD8
14,20,Spleen,10^6 K181,P-24,30.3,CD8
14,20,Spleen,10^6 K181,P-25,30.8,CD8
14,20,Spleen,10^6 K181,P-26,29.6,CD8
14,20,Spleen,10^6 K181,P-27,30.9,CD8
14,20,Blood,10^6 K181,P-23,33.3,CD8
14,20,Blood,10^6 K181,P-24,36.3,CD8
14,20,Blood,10^6 K181,P-25,34.3,CD8
14,20,Blood,10^6 K181,P-26,32.6,CD8
14,20,Blood,10^6 K181,P-27,36.4,CD8
14,20,Blood,10^2 K181,P-18,21.6,CD8
14,20,Blood,10^2 K181,P-19,24.8,CD8
14,20,Blood,10^2 K181,P-20,23.8,CD8
14,20,Blood,10^2 K181,P-21,29.1,CD8
14,20,Blood,10^2 K181,P-22,26.2,CD8
21,20,Blood,10^2 K181,P-18,28.8,CD8
21,20,Blood,10^2 K181,P-20,25.3,CD8
21,20,Blood,10^2 K181,P-21,27.2,CD8
21,20,Blood,10^2 K181,P-22,27.2,CD8
21,20,Salivary Gland,10^2 K181,P-18,52.4,CD8
21,20,Salivary Gland,10^2 K181,P-20,44.7,CD8
21,20,Salivary Gland,10^2 K181,P-21,26.1,CD8
21,20,Salivary Gland,10^2 K181,P-22,27.4,CD8
21,20,Spleen,10^2 K181,P-18,29.4,CD8
21,20,Spleen,10^2 K181,P-20,33.1,CD8
21,20,Spleen,10^2 K181,P-21,30,CD8
21,20,Spleen,10^2 K181,P-22,28.9,CD8
21,20,Blood,10^2 K181,P-18,10.4,m164
21,20,Blood,10^2 K181,P-20,13.2,m164
21,20,Blood,10^2 K181,P-21,2.87,m164
21,20,Blood,10^2 K181,P-22,4.25,m164
21,20,Salivary Gland,10^2 K181,P-18,23.8,m164
21,20,Salivary Gland,10^2 K181,P-20,13.4,m164
21,20,Salivary Gland,10^2 K181,P-21,4.33,m164
21,20,Salivary Gland,10^2 K181,P-22,3.49,m164
21,20,Spleen,10^2 K181,P-18,3.27,m164
21,20,Spleen,10^2 K181,P-20,1.03,m164
21,20,Spleen,10^2 K181,P-21,3.26,m164
21,20,Spleen,10^2 K181,P-22,1.1,m164
0,21,Blood,10^6 K181,P-36,0.26,IE1
0,21,Blood,10^6 K181,P-37,0.21,IE1
0,21,Blood,10^6 K181,P-41,0.24,IE1
0,21,Blood,10^2 K181,P-38,0.087,IE1
0,21,Blood,10^2 K181,P-39,0.18,IE1
0,21,Blood,10^2 K181,P-40,0.16,IE1
7,21,Blood,10^6 K181,P-36,2.94,IE1
7,21,Blood,10^6 K181,P-37,4.1,IE1
7,21,Blood,10^6 K181,P-41,3.29,IE1
7,21,Blood,10^2 K181,P-38,0.2,IE1
7,21,Blood,10^2 K181,P-39,0.33,IE1
7,21,Blood,10^2 K181,P-40,0.3,IE1
14,21,Blood,10^6 K181,P-36,5.37,IE1
14,21,Blood,10^6 K181,P-37,3.57,IE1
14,21,Blood,10^6 K181,P-41,3.64,IE1
14,21,Salivary Gland,10^6 K181,P-36,2.78,IE1
14,21,Salivary Gland,10^6 K181,P-37,9.73,IE1
14,21,Salivary Gland,10^6 K181,P-41,13.5,IE1
14,21,Spleen,10^6 K181,P-36,2.55,IE1
14,21,Spleen,10^6 K181,P-37,1.38,IE1
14,21,Spleen,10^6 K181,P-41,1.68,IE1
14,21,Blood,10^2 K181,P-38,4.63,IE1
14,21,Blood,10^2 K181,P-39,6.64,IE1
14,21,Blood,10^2 K181,P-40,2.65,IE1
21,21,Blood,10^2 K181,P-38,2.26,IE1
21,21,Blood,10^2 K181,P-39,5.12,IE1
21,21,Blood,10^2 K181,P-40,1.67,IE1
0,21,Blood,10^6 K181,P-36,1.51,KLRG1
0,21,Blood,10^6 K181,P-37,1.29,KLRG1
0,21,Blood,10^6 K181,P-41,1.55,KLRG1
0,21,Blood,10^2 K181,P-38,1.91,KLRG1
0,21,Blood,10^2 K181,P-39,0.89,KLRG1
0,21,Blood,10^2 K181,P-40,1.05,KLRG1
7,21,Blood,10^6 K181,P-36,14.2,KLRG1
7,21,Blood,10^6 K181,P-37,20.3,KLRG1
7,21,Blood,10^6 K181,P-41,18.7,KLRG1
7,21,Blood,10^2 K181,P-38,3.82,KLRG1
7,21,Blood,10^2 K181,P-39,2.23,KLRG1
7,21,Blood,10^2 K181,P-40,1.11,KLRG1
14,21,Blood,10^6 K181,P-36,25.1,KLRG1
14,21,Blood,10^6 K181,P-37,20.9,KLRG1
14,21,Blood,10^6 K181,P-41,16,KLRG1
14,21,Salivary Gland,10^6 K181,P-36,6.07,KLRG1
14,21,Salivary Gland,10^6 K181,P-37,27.7,KLRG1
14,21,Salivary Gland,10^6 K181,P-41,28.7,KLRG1
14,21,Spleen,10^6 K181,P-36,10.1,KLRG1
14,21,Spleen,10^6 K181,P-37,5.74,KLRG1
14,21,Spleen,10^6 K181,P-41,5.82,KLRG1
14,21,Blood,10^2 K181,P-38,22.7,KLRG1
14,21,Blood,10^2 K181,P-39,18.5,KLRG1
14,21,Blood,10^2 K181,P-40,16.6,KLRG1
21,21,Blood,10^2 K181,P-38,11.4,KLRG1
21,21,Blood,10^2 K181,P-39,18.7,KLRG1
21,21,Blood,10^2 K181,P-40,14.7,KLRG1
0,21,Blood,10^6 K181,P-36,32.6,NK
0,21,Blood,10^6 K181,P-37,34.6,NK
0,21,Blood,10^6 K181,P-41,34.8,NK
0,21,Blood,10^2 K181,P-38,40.7,NK
0,21,Blood,10^2 K181,P-39,36.6,NK
0,21,Blood,10^2 K181,P-40,26.4,NK
7,21,Blood,10^6 K181,P-36,29.7,NK
7,21,Blood,10^6 K181,P-37,27.2,NK
7,21,Blood,10^6 K181,P-41,28.7,NK
7,21,Blood,10^2 K181,P-38,35.9,NK
7,21,Blood,10^2 K181,P-39,26.6,NK
7,21,Blood,10^2 K181,P-40,26.8,NK
14,21,Blood,10^6 K181,P-36,19.2,NK
14,21,Blood,10^6 K181,P-37,10.6,NK
14,21,Blood,10^6 K181,P-41,5.15,NK
14,21,Salivary Gland,10^6 K181,P-36,0.77,NK
14,21,Salivary Gland,10^6 K181,P-37,1.97,NK
14,21,Salivary Gland,10^6 K181,P-41,1.4,NK
14,21,Spleen,10^6 K181,P-36,26.7,NK
14,21,Spleen,10^6 K181,P-37,19.2,NK
14,21,Spleen,10^6 K181,P-41,25.1,NK
14,21,Blood,10^2 K181,P-38,39.4,NK
14,21,Blood,10^2 K181,P-39,8.12,NK
14,21,Blood,10^2 K181,P-40,38.4,NK
21,21,Blood,10^2 K181,P-38,25.7,NK
21,21,Blood,10^2 K181,P-39,15.8,NK
21,21,Blood,10^2 K181,P-40,15.7,NK
0,21,Blood,10^6 K181,P-36,49.8,NK_KLRG1
0,21,Blood,10^6 K181,P-37,55.3,NK_KLRG1
0,21,Blood,10^6 K181,P-41,54.4,NK_KLRG1
0,21,Blood,10^2 K181,P-38,50.5,NK_KLRG1
0,21,Blood,10^2 K181,P-39,50.3,NK_KLRG1
0,21,Blood,10^2 K181,P-40,52.8,NK_KLRG1
7,21,Blood,10^6 K181,P-36,81.3,NK_KLRG1
7,21,Blood,10^6 K181,P-37,81.6,NK_KLRG1
7,21,Blood,10^6 K181,P-41,84,NK_KLRG1
7,21,Blood,10^2 K181,P-38,69.3,NK_KLRG1
7,21,Blood,10^2 K181,P-39,62.3,NK_KLRG1
7,21,Blood,10^2 K181,P-40,56.4,NK_KLRG1
14,21,Blood,10^6 K181,P-36,62.2,NK_KLRG1
14,21,Blood,10^6 K181,P-37,63,NK_KLRG1
14,21,Blood,10^6 K181,P-41,60.6,NK_KLRG1
14,21,Salivary Gland,10^6 K181,P-36,25.6,NK_KLRG1
14,21,Salivary Gland,10^6 K181,P-37,40.7,NK_KLRG1
14,21,Salivary Gland,10^6 K181,P-41,39.4,NK_KLRG1
14,21,Spleen,10^6 K181,P-36,50.7,NK_KLRG1
14,21,Spleen,10^6 K181,P-37,51.6,NK_KLRG1
14,21,Spleen,10^6 K181,P-41,51,NK_KLRG1
14,21,Blood,10^2 K181,P-38,73.9,NK_KLRG1
14,21,Blood,10^2 K181,P-39,64.6,NK_KLRG1
14,21,Blood,10^2 K181,P-40,75.7,NK_KLRG1
21,21,Blood,10^2 K181,P-38,62.4,NK_KLRG1
21,21,Blood,10^2 K181,P-39,64.1,NK_KLRG1
21,21,Blood,10^2 K181,P-40,71,NK_KLRG1
0,21,Blood,10^6 K181,P-36,73.1,CD4
0,21,Blood,10^6 K181,P-37,74,CD4
0,21,Blood,10^6 K181,P-41,75.4,CD4
0,21,Blood,10^2 K181,P-38,75.4,CD4
0,21,Blood,10^2 K181,P-39,76.3,CD4
0,21,Blood,10^2 K181,P-40,76.5,CD4
7,21,Blood,10^6 K181,P-36,72.1,CD4
7,21,Blood,10^6 K181,P-37,68.4,CD4
7,21,Blood,10^6 K181,P-41,71.9,CD4
7,21,Blood,10^2 K181,P-38,77.1,CD4
7,21,Blood,10^2 K181,P-39,75,CD4
7,21,Blood,10^2 K181,P-40,73.7,CD4
14,21,Blood,10^6 K181,P-36,65.1,CD4
14,21,Blood,10^6 K181,P-37,65.1,CD4
14,21,Blood,10^6 K181,P-41,70.7,CD4
14,21,Salivary Gland,10^6 K181,P-36,66,CD4
14,21,Salivary Gland,10^6 K181,P-37,25.6,CD4
14,21,Salivary Gland,10^6 K181,P-41,46.7,CD4
14,21,Spleen,10^6 K181,P-36,64.5,CD4
14,21,Spleen,10^6 K181,P-37,66.2,CD4
14,21,Spleen,10^6 K181,P-41,66.6,CD4
14,21,Blood,10^2 K181,P-38,63.7,CD4
14,21,Blood,10^2 K181,P-39,69.1,CD4
14,21,Blood,10^2 K181,P-40,71.1,CD4
21,21,Blood,10^2 K181,P-38,69.8,CD4
21,21,Blood,10^2 K181,P-39,70.1,CD4
21,21,Blood,10^2 K181,P-40,68.1,CD4
0,21,Blood,10^6 K181,P-36,0.57,CD4_KLRG1
0,21,Blood,10^6 K181,P-37,0.62,CD4_KLRG1
0,21,Blood,10^6 K181,P-41,0.45,CD4_KLRG1
0,21,Blood,10^2 K181,P-38,0.58,CD4_KLRG1
0,21,Blood,10^2 K181,P-39,0.62,CD4_KLRG1
0,21,Blood,10^2 K181,P-40,0.79,CD4_KLRG1
7,21,Blood,10^6 K181,P-36,0.44,CD4_KLRG1
7,21,Blood,10^6 K181,P-37,0.41,CD4_KLRG1
7,21,Blood,10^6 K181,P-41,0.7,CD4_KLRG1
7,21,Blood,10^2 K181,P-38,0.59,CD4_KLRG1
7,21,Blood,10^2 K181,P-39,0.49,CD4_KLRG1
7,21,Blood,10^2 K181,P-40,0.54,CD4_KLRG1
14,21,Blood,10^6 K181,P-36,0.77,CD4_KLRG1
14,21,Blood,10^6 K181,P-37,0.65,CD4_KLRG1
14,21,Blood,10^6 K181,P-41,0.91,CD4_KLRG1
14,21,Salivary Gland,10^6 K181,P-36,1.2,CD4_KLRG1
14,21,Salivary Gland,10^6 K181,P-37,7.09,CD4_KLRG1
14,21,Salivary Gland,10^6 K181,P-41,5.75,CD4_KLRG1
14,21,Spleen,10^6 K181,P-36,1.25,CD4_KLRG1
14,21,Spleen,10^6 K181,P-37,0.81,CD4_KLRG1
14,21,Spleen,10^6 K181,P-41,1.11,CD4_KLRG1
14,21,Blood,10^2 K181,P-38,1.13,CD4_KLRG1
14,21,Blood,10^2 K181,P-39,0.69,CD4_KLRG1
14,21,Blood,10^2 K181,P-40,0.72,CD4_KLRG1
21,21,Blood,10^2 K181,P-38,0.78,CD4_KLRG1
21,21,Blood,10^2 K181,P-39,0.96,CD4_KLRG1
21,21,Blood,10^2 K181,P-40,0.96,CD4_KLRG1
0,21,Blood,10^6 K181,P-36,25.2,CD8
0,21,Blood,10^6 K181,P-37,24.4,CD8
0,21,Blood,10^6 K181,P-41,23.2,CD8
0,21,Blood,10^2 K181,P-38,23.2,CD8
0,21,Blood,10^2 K181,P-39,22.4,CD8
0,21,Blood,10^2 K181,P-40,22.3,CD8
7,21,Blood,10^6 K181,P-36,26.6,CD8
7,21,Blood,10^6 K181,P-37,30.2,CD8
7,21,Blood,10^6 K181,P-41,26.7,CD8
7,21,Blood,10^2 K181,P-38,21.9,CD8
7,21,Blood,10^2 K181,P-39,24,CD8
7,21,Blood,10^2 K181,P-40,25.2,CD8
14,21,Blood,10^6 K181,P-36,32.7,CD8
14,21,Blood,10^6 K181,P-37,32.6,CD8
14,21,Blood,10^6 K181,P-41,27,CD8
14,21,Salivary Gland,10^6 K181,P-36,32.4,CD8
14,21,Salivary Gland,10^6 K181,P-37,70.4,CD8
14,21,Salivary Gland,10^6 K181,P-41,48.4,CD8
14,21,Spleen,10^6 K181,P-36,32.3,CD8
14,21,Spleen,10^6 K181,P-37,31.2,CD8
14,21,Spleen,10^6 K181,P-41,30.5,CD8
14,21,Blood,10^2 K181,P-38,34.6,CD8
14,21,Blood,10^2 K181,P-39,29.6,CD8
14,21,Blood,10^2 K181,P-40,27.7,CD8
21,21,Blood,10^2 K181,P-38,27.1,CD8
21,21,Blood,10^2 K181,P-39,27.1,CD8
21,21,Blood,10^2 K181,P-40,29.6,CD8
